Age,M_Mtot,R_cm,logP,logT,logRho,logL,Kappa,Sint,Gradrad,Gradad,Gradtot,Tau,Lconv,X,Y,Z
4600.0,1.0,2531356615.52,7.0,2.143681260513,-2.49144529119,21.8020784752,0.2026354511721,247902456.6801,1.5536107259,0.3507539028485,0.3507540976434,0.0,0,0.438,0.162,0.4
4600.0,0.9999988353239,2530979984.75,7.046724920961,2.161016522828,-2.462374861928,21.8020784204,0.2290084418287,247864798.4936,1.666719811514,0.4121968282685,0.4121970420598,271.0103711666,1,0.437966,0.161995,0.400039
4600.0,0.9999977496167,2530648532.627,7.086189187947,2.180300770341,-2.441207089677,21.80207836667,0.2556995010423,247902760.5164,1.706352217448,0.5093070434769,0.509307265711,554.7149615268,1,0.437966,0.161995,0.400039
4600.0,0.9999965103797,2530289044.305,7.127267360079,2.199135943826,-2.418227095491,21.80207829176,0.2865582669273,247905620.6472,1.767216199944,0.4144937206794,0.4144939061576,917.0780727147,1,0.437966,0.161995,0.400039
4600.0,0.9999949777473,2529869794.779,7.17325373621,2.216627828037,-2.389951971483,21.80207819525,0.3240469185252,247905205.2245,1.891054504697,0.3518027166846,0.3518028739408,1421.915424032,1,0.437966,0.161995,0.400039
4600.0,0.9999931223746,2529396318.267,7.22314117455,2.233046066061,-2.357531348051,21.80207807067,0.3690243239181,247883342.8281,2.07666436778,0.3191833770288,0.3191835146368,2115.895810597,1,0.437966,0.161995,0.400039
4600.0,0.9999909758359,2528888601.4,7.274544303909,2.249035440146,-2.323588162345,21.80207792156,0.4215637377955,247882702.7961,2.304734912328,0.3038868208307,0.3038869441117,3032.104781228,1,0.437966,0.161995,0.400039
4600.0,0.9999885009012,2528347749.108,7.327165597332,2.264675098451,-2.288444767415,21.80207774343,0.4828920630709,247882713.9108,2.580306867705,0.2908603955586,0.2908605060215,4241.116290815,1,0.437966,0.161995,0.400039
4600.0,0.999985647886,2527773182.472,7.380882945473,2.279996569355,-2.252217533681,21.8020775307,0.5545756610536,247872092.1609,2.912155675607,0.2862343589136,0.286234459274,5840.455199934,1,0.437966,0.161995,0.400039
4600.0,0.9999824570367,2527181155.676,7.434053638229,2.2954460819,-2.216796432244,21.80207729094,0.637165827799,247872671.3079,3.280046845518,0.2947740862335,0.2947741805684,7895.909757281,1,0.437966,0.161995,0.400039
4600.0,0.9999789133699,2526574137.016,7.486398239471,2.311099247709,-2.18242576458,21.80207701497,0.7323340181559,247872474.4042,3.681882967261,0.3036475747368,0.303647663539,10520.05135174,1,0.437966,0.161995,0.400039
4600.0,0.9999749924955,2525952545.529,7.537841530726,2.32697617195,-2.149089246832,21.80207669814,0.8422919616245,247874202.9171,4.118702353257,0.3119876496965,0.3119877332609,13859.57061207,1,0.437966,0.161995,0.400039
4600.0,0.9999706155089,2525309339.649,7.588926154465,2.342927886025,-2.116086209915,21.80207633002,0.9704394798529,247873051.3515,4.608350557754,0.3133691288843,0.3133692066354,18152.92333529,1,0.437966,0.161995,0.400039
4600.0,0.9999657241888,2524642680.986,7.639746443136,2.358927883781,-2.083222787731,21.80207590366,1.12046885613,247874459.2361,5.161772236958,0.3152504518774,0.3152505242641,23689.23645629,1,0.437966,0.161995,0.400039
4600.0,0.9999602386243,2523949290.799,7.69050492812,2.374919914074,-2.050176870662,21.80207540765,1.297016245815,247874246.3189,5.796111265817,0.3150849323356,0.3150849996248,30870.97075553,1,0.437966,0.161995,0.400039
4600.0,0.9999540533154,2523224693.726,7.741469972317,2.390829328738,-2.01672563643,21.80207482648,1.505773617596,247874417.1611,6.535524881225,0.3090987411461,0.3090988025999,40263.87456267,1,0.437966,0.161995,0.400039
4600.0,0.9999470285796,2522462923.084,7.792971096695,2.406564041221,-1.982633723116,21.80207414186,1.753616396673,247873994.2846,7.413444268953,0.3023045793959,0.3023046352177,52675.95014728,1,0.437966,0.161995,0.400039
4600.0,0.9999390495405,2521662957.034,7.844961824874,2.422135191195,-1.948065409306,21.80207333599,2.048030429188,247873669.3606,8.455331171638,0.2968785003883,0.2968785509711,69129.25090549,1,0.437966,0.161995,0.40004
4600.0,0.9999299936933,2520824221.662,7.897354826399,2.437565039122,-1.913235576263,21.80207238767,2.397516065799,247874569.7931,9.687960024066,0.2918081568791,0.2918082027059,90979.79087634,1,0.437966,0.161995,0.40004
4600.0,0.9999197028065,2519944161.885,7.950172548752,2.452845191649,-1.878223058157,21.80207127042,2.811772257937,247873736.7384,11.14683104098,0.2872486870992,0.2872487285526,120096.8065161,1,0.437966,0.161995,0.40004
4600.0,0.9999080218875,2519021976.104,8.003314844049,2.46800102696,-1.84320051975,21.80206995688,3.301165794055,247874884.1778,12.86356445435,0.2826555783557,0.282655615782,158910.0650797,1,0.437966,0.161995,0.40004
4600.0,0.9998947421314,2518054086.382,8.05682932373,2.483016558647,-1.808141334142,21.80206840624,3.876947277652,247871627.4605,14.88128574128,0.2801272382381,0.2801272722018,210769.190057,1,0.437966,0.161995,0.40004
4600.0,0.9998797312971,2517043763.066,8.110387518653,2.497980789419,-1.773347779942,21.80206659142,4.549800558767,247871736.8196,17.21269594926,0.2786518107541,0.2786518417247,279648.0761361,1,0.437966,0.161995,0.40004
4600.0,0.999862762776,2515988489.593,8.163990664815,2.512890820809,-1.738734774899,21.80206447042,5.330746903649,247872013.5996,19.88899647594,0.2775050560362,0.2775050843993,371032.6302216,1,0.437966,0.161995,0.40004
4600.0,0.9998436076447,2514887275.571,8.217567617022,2.527764112135,-1.704302128062,21.80206199081,6.229853118783,247871030.9666,22.92937633692,0.2783935065283,0.2783935326472,491860.0103066,1,0.437966,0.161995,0.40004
4600.0,0.9998220407962,2513740571.432,8.270992801422,2.542633695219,-1.670101813463,21.80205910158,7.255615290959,247871374.4543,26.33552698038,0.277782143132,0.2777821672615,650723.9715933,1,0.437966,0.161995,0.40004
4600.0,0.9997977576532,2512545938.665,8.324289737121,2.557490744725,-1.635997406042,21.80205573796,8.415286136897,247870382.4646,30.11706007746,0.2805268024749,0.2805268248709,858819.9218013,1,0.437965,0.161995,0.40004
4600.0,0.9997705133741,2511305296.678,8.37729882562,2.572378482465,-1.602150567857,21.80205183404,9.713127711284,247870535.3792,34.24276733866,0.2811355765174,0.2811355973495,1129218.800378,1,0.437965,0.161995,0.40004
4600.0,0.9997399359809,2510015673.893,8.430075861982,2.587279015697,-1.568536266919,21.80204730771,11.15221411634,247871924.8682,38.70388093811,0.2825066475847,0.2825066668438,1478933.203334,1,0.437965,0.161995,0.40004
4600.0,0.9997055254823,2508670755.981,8.482785465678,2.602142708352,-1.5351588533,21.80204203566,12.73504342384,247872002.5308,43.51694063294,0.2812455109861,0.2812455287109,1930035.820303,1,0.437965,0.161995,0.40004
4600.0,0.9996666962982,2507263541.013,8.535574613393,2.616923820797,-1.502020806732,21.80203587233,14.46359681035,247870636.8539,48.70904732154,0.2798355523292,0.2798355685714,2510355.413766,1,0.437965,0.161995,0.40004
4600.0,0.9996230532813,2505795473.847,8.588243061049,2.631675594949,-1.469457843983,21.80202871435,16.33478649895,247872917.268,54.21506026242,0.278861993267,0.2788620080724,3249890.693548,1,0.437965,0.161994,0.40004
4600.0,0.9995737889472,2504255449.826,8.64102274948,2.646326002399,-1.4373242626,21.80202035174,18.35044066393,247873829.538,60.0957943376,0.2758156725956,0.2758156860484,4191269.824635,1,0.437965,0.161994,0.400041
4600.0,0.9995180730444,2502635103.785,8.694002166776,2.660843083058,-1.405655347945,21.8020105507,20.51159262171,247873254.7432,66.3930265224,0.2724811226124,0.2724811348073,5385760.994272,1,0.437965,0.161994,0.400041
4600.0,0.9994550919959,2500928998.83,8.747140478257,2.675231460348,-1.374502529474,21.80199910102,22.8170928124,247872737.5055,73.11123362307,0.2693381135423,0.269338124613,6893327.575975,1,0.437965,0.161994,0.400041
4600.0,0.9993840470564,2499133832.953,8.800321680458,2.689517406249,-1.34397418558,21.80198573136,25.26296126963,247874242.447,80.21636544891,0.2672598641293,0.2672598742335,8783171.380648,1,0.437964,0.161994,0.400041
4600.0,0.9993037979363,2497239968.146,8.853615522455,2.703672251506,-1.313876763585,21.80197013192,27.84982721631,247869517.723,87.75966676402,0.2659643500086,0.265964359267,11144915.20469,1,0.437964,0.161994,0.400041
4600.0,0.9992137884601,2495253218.007,8.906663269923,2.717794437211,-1.284470003464,21.80195205796,30.56243791518,247873260.2726,95.55215911925,0.264596438912,0.2645964474529,14062860.84938,1,0.437964,0.161994,0.400042
4600.0,0.9991125209866,2493160011.132,8.959654942664,2.731819633156,-1.255514395112,21.80193105327,33.4032129556,247869393.7897,103.6942450403,0.2669564342339,0.2669564421531,17663892.39756,1,0.437964,0.161994,0.400042
4600.0,0.9989996164604,2490969880.878,9.012153755307,2.745870340823,-1.227813218862,21.8019068531,36.3461635313,247871579.9096,111.8782977608,0.2669001871749,0.2669001945435,22049351.0017,1,0.437963,0.161994,0.400042
4600.0,0.9988730359139,2488660245.602,9.064501594469,2.759833536033,-1.20061666132,21.80187883036,39.39966253897,247870801.7156,120.3100322126,0.2670497734167,0.2670497803759,27398464.67175,1,0.437963,0.161994,0.400043
4600.0,0.9987315350606,2486230145.107,9.116581813258,2.773736925019,-1.173354621674,21.80184645066,42.55077539415,247868785.4651,128.8880429679,0.2677920854142,0.267792092139,33880304.76222,1,0.437963,0.161994,0.400043
4600.0,0.9985731519884,2483671984.217,9.168497888461,2.787543326703,-1.145853474208,21.80180919832,45.79895596323,247873463.1893,137.6837932926,0.2607753506414,0.2607753568047,41717803.63787,1,0.437962,0.161994,0.400044
4600.0,0.9983926487512,2480929752.958,9.221168081252,2.800953611472,-1.118562456143,21.80176538262,49.20953522378,247876470.3263,147.6183193797,0.2469879544814,0.2469879598424,51343954.40522,1,0.437962,0.161994,0.400044
4600.0,0.9981843094496,2477948969.328,9.275172922079,2.813757979187,-1.091984332166,21.80171322651,52.84658154632,247879171.8949,159.5635693265,0.225994269498,0.2259942736498,63306949.86167,1,0.437961,0.161994,0.400045
4600.0,0.9979411102607,2474664453.469,9.330995251102,2.825760787253,-1.066397624986,21.80165053344,56.78674765123,247880171.897,174.5894785236,0.2051916058553,0.2051916087997,78347452.61903,1,0.437961,0.161994,0.400046
4600.0,0.9976633170632,2471112353.452,9.387329850045,2.83733714107,-1.041082476648,21.80157738687,60.94660359823,247875955.4776,191.7774444699,0.2078499935331,0.2078499963771,96848164.17003,1,0.43796,0.161993,0.400047
4600.0,0.997356196325,2467398801.175,9.442420352872,2.849050137264,-1.014940705804,21.80149432222,65.15022407608,247872443.4111,208.9551597226,0.2193275975181,0.219327600984,118818651.2599,1,0.437959,0.161993,0.400048
4600.0,0.9970226682151,2463595260.221,9.4955453608,2.861156543152,-0.9873359135262,21.80140161292,69.28121479035,247867550.8258,224.6490636211,0.2394594287792,0.2394594244767,144331170.5065,1,0.437958,0.161993,0.400049
4600.0,0.9966676081792,2459791125.467,9.54603401441,2.873918758685,-0.957949169532,21.80130007061,73.19986380795,247868523.7344,237.0785866247,0.2663208237541,0.266320820898,173203400.8322,1,0.437957,0.161993,0.40005
4600.0,0.9962864771655,2455971527.148,9.594667656459,2.887110560509,-0.9274989124498,21.80118790786,76.94165784317,247868109.2853,246.8675326425,0.2746404153047,0.2746404120379,205961137.2788,1,0.437956,0.161992,0.400052
4600.0,0.9958701569196,2452067925.045,9.64248883041,2.900382565106,-0.8974908144895,21.8010615658,80.60972135963,247865839.6612,255.5513547572,0.2814563208665,0.2814563154821,243626348.5681,1,0.437954,0.161992,0.400054
4600.0,0.9954174871756,2448090884.071,9.689393215089,2.913769360188,-0.8682309849557,21.80091980456,77.10201250832,247865917.418,240.7517080668,0.2887693488958,0.2887693524697,285169375.029,1,0.437953,0.161992,0.400055
4600.0,0.994924961288,2444028588.772,9.73552387801,2.92721700361,-0.83985702521,21.8007605899,72.37698181479,247869805.021,222.0751403844,0.2873151310471,0.2873151336627,327647399.0246,1,0.437951,0.161991,0.400057
4600.0,0.9943686230722,2439709334.76,9.782625225705,2.940076426197,-0.8134059755374,21.80056953373,68.78380607581,247864647.1242,208.978302031,0.2632175220433,0.263217524872,373130460.6139,1,0.437949,0.161991,0.40006
4600.0,0.99374464591,2435121124.429,9.830310398655,2.952432318804,-0.7890824995393,21.80034873533,66.05164539235,247856322.5239,199.8996564217,0.2598836217585,0.2598836166178,422047931.1514,1,0.437947,0.16199,0.400063
4600.0,0.9930691592477,2430396506.815,9.876945116787,2.964857244521,-0.7660130180554,21.80010242829,63.62776089566,247843282.0206,191.231337582,0.2807260307615,0.2807260278667,473172304.9509,1,0.437944,0.16199,0.400066
4600.0,0.9923736029366,2425761405.832,9.92053233329,2.978126593974,-0.7429571102282,21.79984159014,60.98109242115,247834078.7143,179.333280951,0.3352491462664,0.3352491498926,523935047.5389,1,0.437942,0.161989,0.400069
4600.0,0.991638684906,2421107105.71,9.962554115666,2.99172296956,-0.7206981957905,21.79956026193,58.53925114923,247852981.9727,167.3360646426,0.2893030630047,0.2893030647263,575572343.2067,1,0.437939,0.161988,0.400073
4600.0,0.9907693904356,2415831450.912,10.00783969595,3.003689914988,-0.7017045666165,21.79921876465,57.39488273539,247832951.1794,163.1070537011,0.25598937365,0.255989375001,635098400.2997,1,0.437935,0.161987,0.400078
4600.0,0.9897971421841,2410146968.471,10.05381018657,3.014944097933,-0.6842295424558,21.79882676669,56.84480174246,247830530.8854,161.9117892645,0.233652919762,0.2336529208823,701012049.8688,1,0.43793,0.161986,0.400084
4600.0,0.9887055021958,2403976415.715,10.10060711024,3.025352752413,-0.6680227551023,21.7983753221,56.8797426206,247823819.9009,163.9590692297,0.2138598282367,0.2138598291956,775062639.5413,1,0.437925,0.161985,0.40009
4600.0,0.9875050621767,2397395366.201,10.14725783612,3.035255317903,-0.6527342002917,21.79786856034,57.2701833706,247817644.4894,167.7906351184,0.2121456835016,0.212145684492,857237410.261,1,0.437918,0.161983,0.400098
4600.0,0.9862097481243,2390495611.221,10.19297151315,3.044963257295,-0.6380720196798,21.79730825496,57.84219462541,247812878.2229,172.1771680863,0.2132653814238,0.2132653824798,947155866.1121,1,0.437911,0.161981,0.400108
4600.0,0.9848216657621,2383300717.0,10.23758373022,3.05454368436,-0.623858334506,21.79669335856,58.5591011799,247806776.4755,176.8530317144,0.2177673916935,0.2177673928668,1045164781.697,1,0.437902,0.161979,0.400119
4600.0,0.9833503362528,2375870474.027,10.2807892505,3.06414498495,-0.6100711431506,21.79602581783,59.35674808207,247801252.1702,181.2467832914,0.2271825248114,0.2271825262039,1151043233.187,1,0.437892,0.161976,0.400132
4600.0,0.9818023741655,2368245942.856,10.32247439974,3.073843903294,-0.5966487746726,21.7953064641,60.21252608539,247794608.4372,185.0722778284,0.2392009166972,0.2392009186435,1264706661.546,1,0.437881,0.161972,0.400147
4600.0,0.9801730975831,2360411636.879,10.36285297616,3.08356246385,-0.5836189361929,21.7945345258,61.17038340415,247788721.8384,188.6467904557,0.2400236979122,0.2400236997349,1386942867.067,1,0.437867,0.161968,0.400165
4600.0,0.9784411953433,2352271313.354,10.40246420921,3.093038220725,-0.5709861694163,21.7936940268,62.33596694192,247780598.0395,192.9668352002,0.2384447307381,0.2384447323628,1520046993.224,1,0.437851,0.161963,0.400185
4600.0,0.9766055335991,2343827857.819,10.44129690451,3.102274343176,-0.5587018727373,21.79278166987,63.70415827296,247768467.7272,198.0173082737,0.2392556308156,0.2392556323031,1665035363.821,1,0.437832,0.161958,0.40021
4600.0,0.9746764346788,2335134745.155,10.47913568014,3.11139142353,-0.5468082630626,21.79179947219,65.23274814973,247757240.9209,203.3517982587,0.2425259705667,0.2425259719523,1822043269.667,1,0.43781,0.161951,0.400239
4600.0,0.9726542758913,2326197714.096,10.51600957048,3.120387134702,-0.5352467127182,21.79074566577,66.92770734601,247743679.7915,208.9909573177,0.2456093719421,0.2456093732487,1992011965.453,1,0.437784,0.161942,0.400274
4600.0,0.9705418946099,2317032930.274,10.55191200322,3.129281814668,-0.5239761471897,21.78962209257,68.78925338321,247728816.564,214.8752999505,0.249340781937,0.2493407831921,2175759297.484,1,0.437753,0.161932,0.400315
4600.0,0.9683385885438,2307641437.815,10.58690408038,3.138058733021,-0.5129005173129,21.78842242322,70.83051591305,247710156.2529,221.0843941061,0.2522031764919,0.2522031777114,2374505567.757,1,0.437716,0.16192,0.400364
4600.0,0.9660435201792,2298024465.616,10.62104460158,3.146701669986,-0.5019873472512,21.78714389857,73.06443958712,247688204.8086,227.7007892722,0.2537895242921,0.2537895254776,2589626078.055,1,0.437673,0.161905,0.400422
4600.0,0.9636563426496,2288185161.507,10.65438125858,3.155199823627,-0.4912221550495,21.785783687,75.50250533205,247661939.9796,234.7892343296,0.2559456175028,0.2559456186554,2822602314.543,1,0.437621,0.161888,0.400491
4600.0,0.9611780728484,2278131811.881,10.6869418341,3.163554440813,-0.480602464935,21.78433936875,78.1537272295,247631243.6097,242.3721021648,0.2562475167232,0.2562475178436,3074931024.628,1,0.43756,0.161866,0.400574
4600.0,0.9586020110891,2267841608.082,10.71884844486,3.171701521822,-0.4700781219249,21.78280457905,81.04130152158,247593633.9284,250.7196414438,0.2541289694938,0.2541289705827,3349102961.779,1,0.437486,0.16184,0.400674
4600.0,0.9559240542951,2257303337.516,10.75017401608,3.179604533339,-0.4596231783026,21.7811789876,84.17927573475,247549736.6311,260.0099783455,0.2488028980069,0.2488028990599,3647632095.316,1,0.437398,0.161808,0.400794
4600.0,0.9531332163828,2246480015.53,10.78105589339,3.187175574821,-0.4491800865441,21.77944791261,87.58754929439,247495067.6668,270.622328708,0.2407861354662,0.240786136482,3974144747.771,1,0.43729,0.16177,0.40094
4600.0,0.9502220106282,2235350180.3,10.81157218841,3.194361807731,-0.4387155783166,21.77760441986,91.27427110833,247428198.296,282.830352496,0.2299635920361,0.2299635930173,4332290876.525,1,0.43716,0.161722,0.401118
4600.0,0.947185737384,2223904055.7,10.84176195966,3.20113559564,-0.4282136255694,21.77564146255,95.24032147664,247347536.7228,296.8384071433,0.2176343469364,0.2176343478858,4725759697.158,1,0.437001,0.161664,0.401335
4600.0,0.944016351878,2212119944.552,10.87169047186,3.207446140052,-0.41765279745,21.77355209727,99.48637432665,247247007.9995,312.9791780501,0.203915743825,0.2039157447453,5159067535.883,1,0.436807,0.161592,0.401601
4600.0,0.940718163826,2200022282.319,10.90130490103,3.213335286046,-0.4070239568249,21.77133747649,104.0019231517,247123249.3544,331.2504094966,0.1941343784081,0.1941343793013,5635389668.285,1,0.436568,0.161504,0.401929
4600.0,0.937299590446,2187650521.774,10.93053047524,3.218870886959,-0.3963126594701,21.76900028606,108.7791253843,246969873.1789,351.5504829281,0.1874406576046,0.1874406584718,6157417031.843,1,0.436275,0.161395,0.40233
4600.0,0.9337948846615,2175134405.021,10.95910297018,3.224294402191,-0.3855808429858,21.7665591874,113.8118798718,246785255.1134,372.9872660952,0.1918619030704,0.1918619039111,6723664841.133,1,0.43592,0.161263,0.402818
4600.0,0.9302155465312,2162519170.756,10.98698100972,3.229675598042,-0.3748133820871,21.76402280167,119.1190075798,246547450.1535,395.3413511636,0.2061417201272,0.2061417209356,7335852047.997,1,0.435491,0.161102,0.403407
4600.0,0.9266391569484,2150077525.408,11.01365107301,3.235522294491,-0.3641828739919,21.76143002952,124.740425977,246283984.7824,416.2572868351,0.2310971821492,0.2310971829206,7983654888.926,1,0.434985,0.160914,0.404101
4600.0,0.9230538786496,2137764562.635,11.03931121471,3.241722532714,-0.3536689802871,21.75878397107,130.7476060516,245968597.9215,436.1994355151,0.2553413800421,0.2553413807763,8671874893.452,1,0.434389,0.160691,0.404919
4600.0,0.919472701159,2125617957.876,11.0639635423,3.248331287231,-0.3434385637115,21.7560889426,137.2255011289,245604855.9044,454.8798213051,0.2805156644613,0.2805156651637,9401151413.882,1,0.433693,0.160432,0.405875
4600.0,0.9158857823445,2113596256.202,11.08775999361,3.255255203694,-0.3334716529591,21.75332461253,144.2616934881,245193415.2777,472.7666687726,0.290381114765,0.2903811154399,10177162536.8,1,0.432881,0.160129,0.40699
4600.0,0.9122292905057,2101479476.244,11.11117277375,3.262066088042,-0.323694091593,21.75044837438,151.8824319834,244691697.7844,492.0776905858,0.2922882620356,0.2922882626888,11018957438.09,1,0.43192,0.159771,0.408309
4600.0,0.9085150160288,2089302651.139,11.13415289846,3.268827590201,-0.314101361453,21.74746681369,160.1605126993,244110683.6897,512.632388749,0.2882715604047,0.2882715610393,11930413019.61,1,0.430789,0.15935,0.409861
4600.0,0.9046973242184,2076915134.696,11.15699724901,3.275249409676,-0.3045402313225,21.74434690526,169.0902892637,243411219.8814,536.0869395798,0.2752480863732,0.2752480869924,12930598316.46,1,0.429444,0.158851,0.411706
4600.0,0.9007949346656,2064378134.805,11.17959971162,3.28144502928,-0.2950181137068,21.74110487551,178.7502674868,242586929.0895,562.1064710732,0.2738706511117,0.273870651731,14023724270.42,1,0.427856,0.158261,0.413882
4600.0,0.8968286008933,2051759063.148,11.20185698726,3.287536363524,-0.2854867798982,21.73774921359,189.2558393186,241624115.5276,590.3015654654,0.2733902919684,0.273390292589,15213555317.68,1,0.425998,0.157572,0.41643
4600.0,0.892799145046,2039062742.17,11.22378589098,3.293524078276,-0.2758865642022,21.73427817016,200.7083348088,240502293.8498,620.9444363161,0.2727254233707,0.2727254239933,16510314781.13,1,0.423832,0.156769,0.419399
4600.0,0.8887124209686,2026310840.027,11.24537588603,3.299439632787,-0.2661653582239,21.73069718575,213.2413655371,239202196.4852,654.181254871,0.2753394470824,0.2753394477078,17923887404.71,1,0.42132,0.155838,0.422843
4600.0,0.8845741375207,2013526318.372,11.26661896384,3.305314735151,-0.2562705284475,21.72701086371,227.0166836871,237703892.0926,690.1885884693,0.2776526869666,0.2776526875953,19465518483.83,1,0.418424,0.154765,0.426812
4600.0,0.8803840396682,2000714532.34,11.28753779833,3.311147111583,-0.2461673360259,21.72322097337,242.2056458913,235984470.782,729.3832356699,0.2805274481866,0.2805274488194,21150364225.14,1,0.4151,0.153534,0.431366
4600.0,0.8761454641319,1987892668.083,11.3081357656,3.316956261595,-0.2358351546193,21.71933112143,259.0227970661,234023837.8893,772.1060625951,0.2832970536342,0.2832970542721,22994354946.21,1,0.411307,0.15213,0.436563
4600.0,0.8718562127101,1975061975.052,11.3284419711,3.322731166682,-0.2252344216189,21.71534199657,277.6951835092,231797773.8804,818.9476321059,0.2854743623822,0.2854743630265,25018379422.75,1,0.406999,0.150536,0.442465
4600.0,0.8675118832449,1962218678.971,11.34849278184,3.328450533675,-0.2143149861658,21.71130479833,298.4723730156,229284897.408,870.7580566994,0.2795724399748,0.2795724406139,27247766587.09,1,0.402127,0.148734,0.449139
4600.0,0.86307589591,1949267801.433,11.36846417534,3.333919107788,-0.2029294374614,21.70714055663,321.4463574806,226432096.2541,929.5252078785,0.2678625388368,0.2678625394629,29729395565.44,1,0.3966,0.146689,0.456711
4600.0,0.8585459144348,1936219324.711,11.38836663865,3.339137635688,-0.1910312052002,21.70285333305,346.8936114254,223213583.3803,996.2665633797,0.2570435867548,0.2570435873682,32498162387.61,1,0.39036,0.14438,0.46526
4600.0,0.8539240004185,1923098173.512,11.40819075189,3.344132965679,-0.1785603251107,21.69845139572,375.163813256,219606522.4156,1071.976726018,0.2468801968677,0.2468801974696,35591604296.88,1,0.383357,0.14179,0.474854
4600.0,0.8492080275159,1909919182.85,11.42794489006,3.348910911539,-0.1654731402651,21.69394090849,406.631593633,215587545.3045,1157.983923605,0.2368181183381,0.2368181189299,39056076494.13,1,0.375542,0.1389,0.485558
4600.0,0.8443953743084,1896697642.747,11.44763813663,3.353476534693,-0.1517233817248,21.68932909887,441.7190336014,211137491.4272,1255.841164834,0.226826246648,0.2268262472309,42945809162.84,1,0.366876,0.135694,0.49743
4600.0,0.8394830580281,1883449828.143,11.46727952724,3.357835034639,-0.1372704449953,21.68462454904,480.8995068413,206242599.4763,1367.349964104,0.2169612830493,0.2169612836247,47324176131.49,1,0.357325,0.132161,0.510514
4600.0,0.8344681829451,1870193866.711,11.48687617004,3.361993803878,-0.1220790213985,21.67983816011,524.7032179633,200896192.438,1494.570514437,0.2078842401281,0.2078842406972,52264822841.6,1,0.346872,0.128295,0.524833
4600.0,0.8293504460814,1856956342.864,11.50642383909,3.365975209465,-0.1061165411569,21.67498387982,573.7487239752,195104358.6163,1639.698053642,0.1995218821177,0.1995218826813,57850673133.1,1,0.335522,0.124097,0.54038
4600.0,0.8241268150952,1843757544.254,11.52592773607,3.369788628075,-0.08937713403699,21.67007516912,628.6881159148,188880237.1219,1805.356394722,0.1916442713626,0.1916442719215,64181028740.15,1,0.323297,0.119576,0.557127
4600.0,0.8187957807267,1830622006.213,11.54538599928,3.373451682409,-0.07183745409674,21.66512872994,690.2461423156,182251013.7134,1994.388409848,0.1848918706355,0.1848918711916,71369073365.42,1,0.310244,0.114748,0.575009
4600.0,0.8133548429117,1817572835.313,11.5647992228,3.376978213718,-0.05349527890829,21.66015888422,759.1873895872,175255518.2545,2209.975865631,0.1785967888169,0.1785967893731,79546943739.84,1,0.296434,0.10964,0.593925
4600.0,0.8078013637657,1804631772.56,11.58416715513,3.380380752826,-0.0344177604119,21.65518604227,836.3022529902,167946572.3244,2455.625987825,0.172077864401,0.1720778649602,88866997958.34,1,0.281968,0.10429,0.613742
4600.0,0.8021272767643,1791804892.374,11.60350661819,3.383643611745,-0.0147456462596,21.65022573603,922.269382286,160380999.859,2735.556967532,0.1655657499834,0.1655657505475,99513357202.17,1,0.266957,0.0987376,0.634305
4600.0,0.7963320252698,1779111472.188,11.62280703573,3.386783473094,0.005392655364935,21.64529820961,1017.818622439,152640219.8179,3053.66164317,0.1600084927176,0.160008493288,111681145625.8,1,0.25156,0.0930428,0.655397
4600.0,0.7904144130352,1766565246.237,11.64205977429,3.38981043156,0.02585470050042,21.64042251237,1123.562401911,144815474.7573,3413.942934135,0.1545809924207,0.1545809929985,125590633740.2,1,0.235959,0.0872726,0.676768
4600.0,0.7843737735362,1754176114.479,11.66125441453,3.392732615786,0.04647037646246,21.63561606922,1239.943364715,137007181.2094,3820.253263942,0.1501636989879,0.1501636995739,141484792822.9,1,0.220356,0.0815015,0.698143
4600.0,0.7782129905812,1741955526.251,11.68036990156,3.39556883436,0.06704156925575,21.63089579819,1367.241019852,129325110.8894,4275.730421543,0.1469697257315,0.1469697263262,159619124631.3,1,0.204973,0.0758121,0.719214
4600.0,0.7719375655763,1729913149.469,11.69937885383,3.39834289172,0.08733628530401,21.6262760765,1505.506600714,121881960.437,4782.524477629,0.1451907439093,0.1451907445126,180258340701.0,1,0.190042,0.0702895,0.739668
4600.0,0.7655535447742,1718052209.628,11.71825473969,3.401073834665,0.1071276104378,21.62176660935,1654.460364452,114784703.1408,5341.708147213,0.1444445910146,0.1444445916261,203676188227.9,1,0.175782,0.0650152,0.759203
4600.0,0.7590678490379,1706370728.855,11.73697125176,3.403777832425,0.1262001382466,21.61737212466,1813.473111606,108129347.8342,5953.000520378,0.145017643144,0.1450176437627,230147299234.6,1,0.162392,0.0600628,0.777545
4600.0,0.7524903666116,1694865739.815,11.75549685057,3.406477248589,0.14435331924,21.6130935723,1981.674144201,101997859.4417,6614.333324004,0.1466960133003,0.1466960139252,259929966953.0,1,0.150044,0.0554955,0.794461
4600.0,0.7458294980641,1683526213.789,11.77380785014,3.40918271857,0.1614257439153,21.60892579329,2157.8471132,96449003.16809,7322.463813973,0.1490674663281,0.1490674669576,293275970687.3,1,0.13886,0.0513593,0.809781
4600.0,0.7390951487432,1672339680.374,11.79187988354,3.411906789747,0.1772974601377,21.60486025214,2340.661647787,91519345.58811,8072.807826903,0.1526854937584,0.1526854943909,330410194128.8,1,0.128921,0.047683,0.823396
4600.0,0.7322973978725,1661291274.017,11.80969165958,3.414659624113,0.1919000460463,21.60088499414,2528.777830512,87221312.04203,8860.019787153,0.1566164930468,0.1566164936807,371531352305.5,1,0.120254,0.0444774,0.835269
4600.0,0.7254439417839,1650361142.07,11.82723123109,3.417440231211,0.2052221087901,21.59698449483,2720.839638062,83543316.01356,9678.92754432,0.1606866062378,0.1606866068715,416825255540.6,1,0.112838,0.0417346,0.845427
4600.0,0.7185432982879,1639531049.876,11.84448708426,3.420250623947,0.2172959918922,21.59314254215,2915.803448985,80455142.2071,10524.60445608,0.1652182071431,0.165218207775,466446950482.0,1,0.106614,0.0394326,0.853953
4600.0,0.7116031452829,1628782733.403,11.86145210005,3.423090185518,0.2281950492593,21.58934268862,3112.955334747,77911019.50932,11393.11358167,0.1696855024911,0.1696855031197,520535228829.2,1,0.10149,0.0375374,0.860972
4600.0,0.7046297483277,1618097926.7,11.87812437079,3.425954356102,0.2380237520096,21.58557045135,3311.911651004,75854374.30658,12281.98368868,0.1739781820406,0.1739781826641,579223882900.9,1,0.0973515,0.0360067,0.866642
4600.0,0.6976287333038,1607460107.917,11.89450476026,3.428838247476,0.2469023191138,21.58180537597,3512.675595232,74222886.84251,13189.9813093,0.1781975096899,0.1781975103058,642643867206.1,1,0.0940719,0.0347937,0.871134
4600.0,0.6906049742982,1596854552.6,11.91059675333,3.431736495924,0.2549591017118,21.57803636749,3715.585366603,72952824.58961,14117.50755342,0.1820589531472,0.1820589537548,710932375776.6,1,0.0915219,0.0338506,0.874628
4600.0,0.6835623561034,1586268052.6,11.92640659501,3.434642498922,0.2623216917613,21.57425077791,3921.210103643,71982462.72311,15066.16440449,0.1856351052871,0.1856351058856,784242776446.3,1,0.0895762,0.0331309,0.877293
4600.0,0.6765052389947,1575690961.766,11.94193970673,3.437553968385,0.2691070360599,21.57043840466,4130.434586847,71254887.9424,16038.36793419,0.1892937932238,0.1892937938128,862736651372.9,1,0.0881194,0.0325921,0.879288
4600.0,0.6694376501482,1565115684.975,11.95720238096,3.440469606341,0.2754196710071,21.56659088046,4344.303326325,70719468.13804,17037.19886895,0.192819337902,0.1928193384815,946597274764.9,1,0.087049,0.0321962,0.880755
4600.0,0.6623628884856,1554535791.922,11.97220242979,3.443387379094,0.2813502952543,21.56270117251,4563.891240142,70332695.92049,18066.19655702,0.1962651909523,0.1962651915222,1036038312372.0,1,0.0862769,0.0319106,0.881812
4600.0,0.6552850870837,1543948006.815,11.98694573873,3.446310216125,0.2869727110325,21.5587644511,4790.473803758,70058429.46996,19128.93804334,0.2004396484689,0.2004396490294,1131288179755.0,1,0.0857303,0.0317085,0.882561
4600.0,0.6482091368023,1533351732.425,12.00143651194,3.449245413544,0.2923450895069,21.5547773365,5025.528857453,69867534.26634,20228.89532309,0.204695907368,0.2046959079193,1232593200657.0,1,0.0853504,0.031568,0.883082
4600.0,0.6411373277715,1522743739.184,12.01568405571,3.45219158542,0.2975159782765,21.55073627439,5270.16626076,69737024.92954,21369.80661415,0.2088967769567,0.2088967774991,1340265393158.0,1,0.0850911,0.031472,0.883437
4600.0,0.63407185496,1512121644.099,12.02969739979,3.455148012958,0.3025227854674,21.54663844472,5525.470499011,69649332.46835,22555.2648449,0.2133260668964,0.2133260674301,1454648316394.0,1,0.0849172,0.0314077,0.883675
4600.0,0.6270167823334,1501486645.725,12.04348148086,3.458121959622,0.3073928355298,21.54248292046,5792.903764143,69591515.51886,23788.50018647,0.2181772893513,0.2181772898768,1576088087031.0,1,0.0848026,0.0313654,0.883832
4600.0,0.6199740978065,1490837416.328,12.0570449548,3.461113445451,0.3121475307588,21.53826811961,6073.585998621,69554032.05444,25072.88349101,0.2229279065116,0.2229279070292,1704999182884.0,1,0.0847284,0.0313379,0.883934
4600.0,0.6129452812106,1480172284.2,12.0703969622,3.464121084526,0.3168029035849,21.53399245867,6368.546809323,69530143.41813,26411.74357047,0.2275800526355,0.2275800531455,1841839409787.0,1,0.0846812,0.0313205,0.883998
4600.0,0.6059320830778,1469490297.949,12.08354564163,3.467144961399,0.3213712795429,21.52965494677,6678.89993472,69515132.84561,27808.34106386,0.2326204374123,0.2326204379151,1987097212776.0,1,0.0846517,0.0313095,0.884039
4600.0,0.5989376646748,1458792944.587,12.09649609425,3.470190990975,0.3258624076085,21.52525530317,7006.182229549,69505913.00921,29265.81262521,0.2377694160395,0.2377694165353,2141271697101.0,1,0.0846335,0.0313028,0.884064
4600.0,0.5919630405519,1448078642.259,12.10925703223,3.473257174478,0.3302834318162,21.52079224214,7351.501660095,69500325.91657,30787.56869674,0.242762109678,0.2427621101671,2304949689827.0,1,0.0846225,0.0312987,0.884079
4600.0,0.5850091912,1437345870.41,12.12183677199,3.476341622528,0.3346397683968,21.5162651059,7716.004604722,69497005.74207,32377.14323168,0.247538811384,0.2475388118664,2478762255362.0,1,0.0846159,0.0312963,0.884088
4600.0,0.5780767243243,1426592612.266,12.13424386973,3.479441205403,0.3389365402901,21.51167161667,8100.777408322,69495054.8908,34038.09377101,0.2520607300084,0.2520607304844,2663395446369.0,1,0.084612,0.0312949,0.884093
4600.0,0.5711663661597,1415817115.364,12.14648625548,3.48255344262,0.3431787955095,21.50701059107,8506.985791187,69493930.8046,35774.16518327,0.2563214595756,0.2563214600453,2859580949847.0,1,0.0846098,0.031294,0.884096
4600.0,0.5642787593292,1405017546.75,12.15857163035,3.485675684538,0.3473700218058,21.50228062315,8935.819066638,69493293.99787,37589.23862757,0.2603237539921,0.2603237544558,3068104665586.0,1,0.0846086,0.0312936,0.884098
4600.0,0.5574145788175,1394192148.811,12.1705072903,3.488805532744,0.351513257512,21.49748032934,9388.528734664,69492939.93557,39487.35601217,0.2640791287853,0.2640791292431,3289806857029.0,1,0.0846078,0.0312933,0.884099
4600.0,0.550574377347,1383338985.72,12.18230042358,3.491940219631,0.3556115385671,21.49260810175,9866.372267943,69492773.35374,41472.71796407,0.2673187290637,0.2673187295158,3525590495677.0,1,0.0846075,0.0312932,0.884099
4600.0,0.5437579381624,1372454908.216,12.19395923229,3.495074048789,0.3596687540854,21.48766214657,10370.31853771,69492668.9698,43549.6852051,0.2702434230193,0.2702434234658,3776445632821.0,1,0.0846072,0.0312931,0.8841
4600.0,0.5369663077003,1361538777.342,12.20548947288,3.49820636219,0.3636870666185,21.48264122752,10901.87946567,69492613.11773,45722.81296025,0.2730615808315,0.2730615812727,4043382698566.0,1,0.0846071,0.031293,0.8841
